{"DA2AE089": {"gain": 1.87109375, "offset": 511}, "DAAEFB25": {"gain": 1.87890625, "offset": 511}}